{
  "tag": "val_ep1",
  "ap50_global": 0.9362193670320139,
  "ap50_by_size": {
    "8": 0.508911916054134,
    "16": 0.9601362022579645,
    "32": 1.0000000000000002,
    "64": 1.0000000000000002,
    "128": 1.0000000000000002
  },
  "npos_total": 278,
  "npos_by_size": {
    "8": 81,
    "16": 56,
    "32": 63,
    "64": 55,
    "128": 23
  }
}