{
  "tag": "val_ep4",
  "ap50_global": 0.8849636825812376,
  "ap50_by_size": {
    "8": 0.23455715708111896,
    "16": 0.8799574828021826,
    "32": 1.0000000000000002,
    "64": 1.0000000000000002,
    "128": 1.0000000000000002
  },
  "npos_total": 278,
  "npos_by_size": {
    "8": 81,
    "16": 56,
    "32": 63,
    "64": 55,
    "128": 23
  }
}