{
  "tag": "val_ep3",
  "ap50_global": 0.7652266304115104,
  "ap50_by_size": {
    "8": 0.016783216783216783,
    "16": 0.8247323355572191,
    "32": 1.0000000000000002,
    "64": 1.0000000000000002,
    "128": 1.0000000000000002
  },
  "npos_total": 278,
  "npos_by_size": {
    "8": 81,
    "16": 56,
    "32": 63,
    "64": 55,
    "128": 23
  }
}