{
  "tag": "val_ep4",
  "ap50_global": 0.9749005203550659,
  "ap50_by_size": {
    "8": 0.8770825134461498,
    "16": 1.0000000000000002,
    "32": 1.0000000000000002,
    "64": 1.0000000000000002,
    "128": 1.0000000000000002
  },
  "npos_total": 22,
  "npos_by_size": {
    "8": 9,
    "16": 4,
    "32": 3,
    "64": 5,
    "128": 1
  }
}