{
  "tag": "val_ep6",
  "ap50_global": 0.9895104895104897,
  "ap50_by_size": {
    "8": 0.947940947940948,
    "16": 1.0000000000000002,
    "32": 1.0000000000000002,
    "64": 1.0000000000000002,
    "128": 1.0000000000000002
  },
  "npos_total": 22,
  "npos_by_size": {
    "8": 9,
    "16": 4,
    "32": 3,
    "64": 5,
    "128": 1
  }
}