{
  "tag": "val_final",
  "ap50_global": 0.9507486229877005,
  "ap50_by_size": {
    "8": 0.6056913930291373,
    "16": 0.9727594915079757,
    "32": 1.0000000000000002,
    "64": 1.0000000000000002,
    "128": 1.0000000000000002
  },
  "npos_total": 278,
  "npos_by_size": {
    "8": 81,
    "16": 56,
    "32": 63,
    "64": 55,
    "128": 23
  }
}