{
  "tag": "val_ep2",
  "ap50_global": 0.8250167206873489,
  "ap50_by_size": {
    "8": 0.28969696969696973,
    "16": 0.8181818181818179,
    "32": 1.0000000000000002,
    "64": 1.0000000000000002,
    "128": 1.0000000000000002
  },
  "npos_total": 22,
  "npos_by_size": {
    "8": 9,
    "16": 4,
    "32": 3,
    "64": 5,
    "128": 1
  }
}