{
  "tag": "test_final",
  "ap50_global": 0.9622723173088232,
  "ap50_by_size": {
    "8": 0.6506112958680158,
    "16": 0.9874297344446601,
    "32": 1.0000000000000002,
    "64": 1.0000000000000002,
    "128": 1.0000000000000002
  },
  "npos_total": 252,
  "npos_by_size": {
    "8": 66,
    "16": 75,
    "32": 60,
    "64": 33,
    "128": 18
  }
}