{
  "tag": "val_ep5",
  "ap50_global": 0.9246368257373213,
  "ap50_by_size": {
    "8": 0.47510576363381235,
    "16": 0.9243665762126546,
    "32": 1.0000000000000002,
    "64": 1.0000000000000002,
    "128": 1.0000000000000002
  },
  "npos_total": 278,
  "npos_by_size": {
    "8": 81,
    "16": 56,
    "32": 63,
    "64": 55,
    "128": 23
  }
}