{
  "tag": "test_final",
  "ap50_global": 0.9887873909479991,
  "ap50_by_size": {
    "8": 0.8919595110771581,
    "16": 0.9896103896103898,
    "32": 1.0000000000000002,
    "64": 1.0000000000000002,
    "128": 1.0000000000000002
  },
  "npos_total": 109,
  "npos_by_size": {
    "8": 26,
    "16": 30,
    "32": 27,
    "64": 17,
    "128": 9
  }
}