{
  "tag": "val_ep2",
  "ap50_global": 0.9182204410121023,
  "ap50_by_size": {
    "8": 0.43115210257387876,
    "16": 0.9191888237734631,
    "32": 1.0000000000000002,
    "64": 1.0000000000000002,
    "128": 1.0000000000000002
  },
  "npos_total": 278,
  "npos_by_size": {
    "8": 81,
    "16": 56,
    "32": 63,
    "64": 55,
    "128": 23
  }
}